chemin,class,classe_LOC,classe_CLOC,classe_DC,WMC,classe_BC
javaProjects\chart\annotations\AbstractAnnotation.java,AbstractAnnotation,201,133,0.66169155,14,0.047263682
javaProjects\chart\annotations\AbstractXYAnnotation.java,AbstractXYAnnotation,189,110,0.58201057,11,0.052910052
javaProjects\chart\annotations\Annotation.java,Annotation,60,53,0.8833333,2,0.44166666
javaProjects\chart\annotations\CategoryAnnotation.java,CategoryAnnotation,61,51,0.8360656,-1,-1.0
javaProjects\chart\annotations\CategoryLineAnnotation.java,CategoryLineAnnotation,386,191,0.49481866,24,0.020617444
javaProjects\chart\annotations\CategoryPointerAnnotation.java,CategoryPointerAnnotation,485,246,0.5072165,30,0.016907217
javaProjects\chart\annotations\CategoryTextAnnotation.java,CategoryTextAnnotation,247,124,0.5020243,13,0.038617253
javaProjects\chart\annotations\TextAnnotation.java,TextAnnotation,317,178,0.5615142,25,0.022460569
javaProjects\chart\annotations\XYAnnotation.java,XYAnnotation,65,54,0.83076924,-1,-1.0
javaProjects\chart\annotations\XYAnnotationBoundsInfo.java,XYAnnotationBoundsInfo,67,60,0.8955224,3,0.29850748
javaProjects\chart\annotations\XYBoxAnnotation.java,XYBoxAnnotation,282,129,0.4574468,13,0.035188217
javaProjects\chart\annotations\XYDataImageAnnotation.java,XYDataImageAnnotation,355,189,0.53239435,19,0.028020754
javaProjects\chart\annotations\XYDrawableAnnotation.java,XYDrawableAnnotation,235,107,0.45531914,9,0.050591014
javaProjects\chart\annotations\XYImageAnnotation.java,XYImageAnnotation,289,151,0.52249134,15,0.034832757
javaProjects\chart\annotations\XYLineAnnotation.java,XYLineAnnotation,280,118,0.42142856,13,0.03241758
javaProjects\chart\annotations\XYPointerAnnotation.java,XYPointerAnnotation,493,243,0.4929006,31,0.01590002
javaProjects\chart\annotations\XYPolygonAnnotation.java,XYPolygonAnnotation,333,159,0.4774775,15,0.031831834
javaProjects\chart\annotations\XYShapeAnnotation.java,XYShapeAnnotation,278,121,0.4352518,13,0.03348091
javaProjects\chart\annotations\XYTextAnnotation.java,XYTextAnnotation,605,326,0.538843,43,0.012531232
javaProjects\chart\annotations\XYTitleAnnotation.java,XYTitleAnnotation,360,150,0.41666666,20,0.020833332
javaProjects\chart\axis\Axis.java,Axis,1574,775,0.49237612,113,0.004357311
javaProjects\chart\axis\AxisCollection.java,AxisCollection,128,79,0.6171875,11,0.056107953
javaProjects\chart\axis\AxisLabelLocation.java,AxisLabelLocation,52,44,0.84615386,0,Infinity
javaProjects\chart\axis\AxisLocation.java,AxisLocation,84,58,0.6904762,7,0.09863945
javaProjects\chart\axis\AxisSpace.java,AxisSpace,343,154,0.4489796,45,0.009977324
javaProjects\chart\axis\AxisState.java,AxisState,176,110,0.625,18,0.034722224
javaProjects\chart\axis\CategoryAnchor.java,CategoryAnchor,49,43,0.877551,0,Infinity
javaProjects\chart\axis\CategoryAxis.java,CategoryAxis,1359,594,0.4370861,46,0.009501872
javaProjects\chart\axis\CategoryLabelPosition.java,CategoryLabelPosition,232,131,0.5646552,14,0.040332515
javaProjects\chart\axis\CategoryLabelPositions.java,CategoryLabelPositions,387,170,0.4392765,7,0.06275378
javaProjects\chart\axis\CategoryLabelWidthType.java,CategoryLabelWidthType,46,41,0.8913044,0,Infinity
javaProjects\chart\axis\CategoryTick.java,CategoryTick,133,78,0.5864662,9,0.06516291
javaProjects\chart\axis\CompassFormat.java,CompassFormat,150,102,0.68,5,0.136
javaProjects\chart\axis\CyclicNumberAxis.java,CyclicNumberAxis,1055,396,0.37535545,22,0.017061612
javaProjects\chart\axis\DateAxis.java,DateAxis,1730,621,0.35895953,83,0.0043248134
javaProjects\chart\axis\DateTick.java,DateTick,129,87,0.6744186,4,0.16860466
javaProjects\chart\axis\DateTickMarkPosition.java,DateTickMarkPosition,54,48,0.8888889,0,Infinity
javaProjects\chart\axis\DateTickUnit.java,DateTickUnit,368,220,0.59782606,29,0.020614691
javaProjects\chart\axis\DateTickUnitType.java,DateTickUnitType,81,63,0.7777778,1,0.7777778
javaProjects\chart\axis\ExtendedCategoryAxis.java,ExtendedCategoryAxis,240,134,0.55833334,14,0.039880954
javaProjects\chart\axis\LogarithmicAxis.java,LogarithmicAxis,1125,459,0.408,46,0.008869565
javaProjects\chart\axis\LogAxis.java,LogAxis,1026,430,0.41910332,38,0.011029035
javaProjects\chart\axis\LogTick.java,LogTick,76,59,0.7763158,0,Infinity
javaProjects\chart\axis\MarkerAxisBand.java,MarkerAxisBand,250,110,0.44,10,0.044
javaProjects\chart\axis\ModuloAxis.java,ModuloAxis,403,188,0.46650124,24,0.019437551
javaProjects\chart\axis\MonthDateFormat.java,MonthDateFormat,234,133,0.56837606,10,0.056837607
javaProjects\chart\axis\NumberAxis.java,NumberAxis,1034,424,0.41005802,28,0.014644929
javaProjects\chart\axis\NumberTick.java,NumberTick,87,68,0.7816092,-1,-1.0
javaProjects\chart\axis\NumberTickUnit.java,NumberTickUnit,154,100,0.64935064,9,0.072150074
javaProjects\chart\axis\NumberTickUnitSource.java,NumberTickUnitSource,234,64,0.2735043,29,0.009431182
javaProjects\chart\axis\PeriodAxis.java,PeriodAxis,1112,433,0.3893885,35,0.011125386
javaProjects\chart\axis\PeriodAxisLabelInfo.java,PeriodAxisLabelInfo,334,175,0.52395207,23,0.022780525
javaProjects\chart\axis\QuarterDateFormat.java,QuarterDateFormat,195,111,0.5692308,7,0.081318684
javaProjects\chart\axis\StandardTickUnitSource.java,StandardTickUnitSource,125,86,0.688,8,0.086
javaProjects\chart\axis\SubCategoryAxis.java,SubCategoryAxis,425,182,0.4282353,17,0.02519031
javaProjects\chart\axis\SymbolAxis.java,SymbolAxis,703,271,0.38549075,164,0.0023505534
javaProjects\chart\axis\Tick.java,Tick,168,103,0.6130952,12,0.05109127
javaProjects\chart\axis\TickType.java,TickType,53,48,0.9056604,0,Infinity
javaProjects\chart\axis\TickUnit.java,TickUnit,184,120,0.65217394,17,0.038363174
javaProjects\chart\axis\TickUnits.java,TickUnits,196,124,0.63265306,16,0.039540816
javaProjects\chart\axis\TickUnitSource.java,TickUnitSource,75,69,0.92,3,0.30666667
javaProjects\chart\axis\Timeline.java,Timeline,134,123,0.91791046,0,Infinity
javaProjects\chart\axis\ValueAxis.java,ValueAxis,1633,845,0.51745254,91,0.0056862915
javaProjects\chart\axis\ValueTick.java,ValueTick,135,93,0.6888889,5,0.13777778
javaProjects\chart\block\AbstractBlock.java,AbstractBlock,605,342,0.56528926,49,0.011536515
javaProjects\chart\block\Arrangement.java,Arrangement,78,68,0.8717949,1,0.8717949
javaProjects\chart\block\Block.java,Block,110,96,0.8727273,7,0.124675326
javaProjects\chart\block\BlockBorder.java,BlockBorder,227,124,0.5462555,17,0.032132678
javaProjects\chart\block\BlockContainer.java,BlockContainer,261,129,0.49425286,27,0.018305661
javaProjects\chart\block\BlockFrame.java,BlockFrame,67,58,0.86567163,2,0.43283582
javaProjects\chart\block\BlockParams.java,BlockParams,126,96,0.7619048,7,0.10884354
javaProjects\chart\block\BlockResult.java,BlockResult,73,58,0.79452056,3,0.2648402
javaProjects\chart\block\BorderArrangement.java,BorderArrangement,510,137,0.26862746,23,0.011679455
javaProjects\chart\block\CenterArrangement.java,CenterArrangement,318,168,0.5283019,-1,-1.0
javaProjects\chart\block\ColorBlock.java,ColorBlock,177,111,0.62711865,11,0.057010785
javaProjects\chart\block\ColumnArrangement.java,ColumnArrangement,377,156,0.41379312,10,0.04137931
javaProjects\chart\block\EmptyBlock.java,EmptyBlock,122,88,0.72131145,5,0.14426228
javaProjects\chart\block\EntityBlockParams.java,EntityBlockParams,55,51,0.92727274,1,0.92727274
javaProjects\chart\block\EntityBlockResult.java,EntityBlockResult,54,49,0.9074074,1,0.9074074
javaProjects\chart\block\FlowArrangement.java,FlowArrangement,435,185,0.42528737,7,0.06075534
javaProjects\chart\block\GridArrangement.java,GridArrangement,423,167,0.39479905,2,0.19739953
javaProjects\chart\block\LabelBlock.java,LabelBlock,413,232,0.5617433,35,0.01604981
javaProjects\chart\block\LengthConstraintType.java,LengthConstraintType,53,47,0.8867925,0,Infinity
javaProjects\chart\block\LineBorder.java,LineBorder,226,107,0.47345132,20,0.023672566
javaProjects\chart\block\RectangleConstraint.java,RectangleConstraint,330,180,0.54545456,32,0.017045455
javaProjects\chart\ChartColor.java,ChartColor,150,80,0.53333336,26,0.020512821
javaProjects\chart\ChartFactory.java,ChartFactory,1941,917,0.47243688,-38,-0.012432549
javaProjects\chart\ChartFrame.java,ChartFrame,83,59,0.7108434,5,0.14216867
javaProjects\chart\ChartHints.java,ChartHints,102,71,0.6960784,8,0.0870098
javaProjects\chart\ChartMouseEvent.java,ChartMouseEvent,97,69,0.7113402,2,0.3556701
javaProjects\chart\ChartMouseListener.java,ChartMouseListener,59,53,0.89830506,0,Infinity
javaProjects\chart\ChartPanel.java,ChartPanel,2902,1147,0.39524466,432,9.149182E-4
javaProjects\chart\ChartRenderingInfo.java,ChartRenderingInfo,232,135,0.58189654,21,0.02770936
javaProjects\chart\ChartTheme.java,ChartTheme,54,50,0.9259259,1,0.9259259
javaProjects\chart\ChartTransferable.java,ChartTransferable,255,144,0.5647059,1,0.5647059
javaProjects\chart\ChartUtils.java,ChartUtils,666,401,0.6021021,-19,-0.031689584
javaProjects\chart\date\MonthConstants.java,MonthConstants,66,51,0.77272725,0,Infinity
javaProjects\chart\date\package-info.java,,4,3,0.75,0,Infinity
javaProjects\chart\date\SerialDate.java,SerialDate,868,502,0.578341,113,0.005118062
javaProjects\chart\date\SpreadsheetDate.java,SpreadsheetDate,417,232,0.55635494,41,0.013569633
javaProjects\chart\editor\ChartEditor.java,ChartEditor,57,51,0.8947368,1,0.8947368
javaProjects\chart\editor\ChartEditorFactory.java,ChartEditorFactory,55,50,0.90909094,1,0.90909094
javaProjects\chart\editor\ChartEditorManager.java,ChartEditorManager,88,69,0.78409094,4,0.19602273
javaProjects\chart\editor\DefaultAxisEditor.java,,527,241,0.4573055,29,0.015769156
javaProjects\chart\editor\DefaultChartEditor.java,,244,97,0.397541,11,0.036140088
javaProjects\chart\editor\DefaultChartEditorFactory.java,DefaultChartEditorFactory,63,53,0.84126985,2,0.42063493
javaProjects\chart\editor\DefaultLogAxisEditor.java,DefaultLogAxisEditor,155,71,0.45806453,13,0.035235733
javaProjects\chart\editor\DefaultNumberAxisEditor.java,,161,62,0.38509318,13,0.029622553
javaProjects\chart\editor\DefaultPlotEditor.java,,591,186,0.3147208,57,0.0055214176
javaProjects\chart\editor\DefaultPolarPlotEditor.java,DefaultPolarPlotEditor,196,82,0.41836736,13,0.032182105
javaProjects\chart\editor\DefaultTitleEditor.java,,266,105,0.39473686,16,0.024671054
javaProjects\chart\editor\DefaultValueAxisEditor.java,,372,138,0.37096775,27,0.013739546
javaProjects\chart\encoders\EncoderUtil.java,EncoderUtil,179,126,0.7039106,-6,-0.11731843
javaProjects\chart\encoders\ImageEncoder.java,ImageEncoder,96,83,0.8645833,6,0.14409722
javaProjects\chart\encoders\ImageEncoderFactory.java,ImageEncoderFactory,144,92,0.6388889,1,0.6388889
javaProjects\chart\encoders\ImageFormat.java,ImageFormat,53,47,0.8867925,0,Infinity
javaProjects\chart\encoders\SunJPEGEncoderAdapter.java,SunJPEGEncoderAdapter,169,109,0.6449704,8,0.0806213
javaProjects\chart\encoders\SunPNGEncoderAdapter.java,SunPNGEncoderAdapter,126,88,0.6984127,6,0.11640212
javaProjects\chart\entity\AxisEntity.java,AxisEntity,197,115,0.5837563,14,0.04169688
javaProjects\chart\entity\CategoryItemEntity.java,CategoryItemEntity<R,194,129,0.66494846,12,0.05541237
javaProjects\chart\entity\CategoryLabelEntity.java,CategoryLabelEntity<C,123,78,0.63414633,6,0.10569105
javaProjects\chart\entity\ChartEntity.java,ChartEntity,378,191,0.505291,32,0.015790343
javaProjects\chart\entity\EntityCollection.java,EntityCollection,96,83,0.8645833,8,0.108072914
javaProjects\chart\entity\JFreeChartEntity.java,JFreeChartEntity,196,114,0.5816327,14,0.04154519
javaProjects\chart\entity\LegendItemEntity.java,LegendItemEntity<S,168,112,0.6666667,13,0.051282052
javaProjects\chart\entity\PieSectionEntity.java,PieSectionEntity<K,212,131,0.6179245,16,0.038620282
javaProjects\chart\entity\PlotEntity.java,PlotEntity,196,114,0.5816327,14,0.04154519
javaProjects\chart\entity\StandardEntityCollection.java,StandardEntityCollection,191,105,0.5497382,15,0.036649216
javaProjects\chart\entity\TickLabelEntity.java,TickLabelEntity,58,48,0.82758623,1,0.82758623
javaProjects\chart\entity\TitleEntity.java,TitleEntity,196,114,0.5816327,14,0.04154519
javaProjects\chart\entity\XYAnnotationEntity.java,XYAnnotationEntity,102,67,0.65686274,6,0.109477125
javaProjects\chart\entity\XYItemEntity.java,XYItemEntity,154,98,0.6363636,11,0.05785124
javaProjects\chart\event\AnnotationChangeEvent.java,AnnotationChangeEvent,73,59,0.8082192,2,0.4041096
javaProjects\chart\event\AnnotationChangeListener.java,AnnotationChangeListener,55,49,0.8909091,1,0.8909091
javaProjects\chart\event\AxisChangeEvent.java,AxisChangeEvent,64,52,0.8125,2,0.40625
javaProjects\chart\event\AxisChangeListener.java,AxisChangeListener,56,51,0.91071427,1,0.91071427
javaProjects\chart\event\ChartChangeEvent.java,ChartChangeEvent,116,82,0.70689654,5,0.14137931
javaProjects\chart\event\ChartChangeEventType.java,ChartChangeEventType,48,42,0.875,0,Infinity
javaProjects\chart\event\ChartChangeListener.java,ChartChangeListener,54,49,0.9074074,1,0.9074074
javaProjects\chart\event\ChartProgressEvent.java,ChartProgressEvent,116,81,0.69827586,5,0.13965517
javaProjects\chart\event\ChartProgressEventType.java,ChartProgressEventType,48,41,0.8541667,0,Infinity
javaProjects\chart\event\ChartProgressListener.java,ChartProgressListener,50,45,0.9,1,0.9
javaProjects\chart\event\MarkerChangeEvent.java,MarkerChangeEvent,71,59,0.8309859,2,0.41549295
javaProjects\chart\event\MarkerChangeListener.java,MarkerChangeListener,55,49,0.8909091,1,0.8909091
javaProjects\chart\event\OverlayChangeEvent.java,OverlayChangeEvent,56,47,0.83928573,1,0.83928573
javaProjects\chart\event\OverlayChangeListener.java,OverlayChangeListener,52,46,0.88461536,1,0.88461536
javaProjects\chart\event\PlotChangeEvent.java,PlotChangeEvent,65,53,0.8153846,2,0.4076923
javaProjects\chart\event\PlotChangeListener.java,PlotChangeListener,51,46,0.9019608,1,0.9019608
javaProjects\chart\event\RendererChangeEvent.java,RendererChangeEvent,92,73,0.79347825,4,0.19836956
javaProjects\chart\event\RendererChangeListener.java,RendererChangeListener,50,45,0.9,1,0.9
javaProjects\chart\event\TitleChangeEvent.java,TitleChangeEvent,62,50,0.8064516,2,0.4032258
javaProjects\chart\event\TitleChangeListener.java,TitleChangeListener,51,46,0.9019608,1,0.9019608
javaProjects\chart\HashUtils.java,HashUtils,338,191,0.56508875,30,0.018836292
javaProjects\chart\imagemap\DynamicDriveToolTipTagFragmentGenerator.java,DynamicDriveToolTipTagFragmentGenerator,89,69,0.7752809,3,0.25842696
javaProjects\chart\imagemap\ImageMapUtils.java,ImageMapUtils,260,136,0.52307695,10,0.052307695
javaProjects\chart\imagemap\OverLIBToolTipTagFragmentGenerator.java,OverLIBToolTipTagFragmentGenerator,71,58,0.8169014,2,0.4084507
javaProjects\chart\imagemap\StandardToolTipTagFragmentGenerator.java,StandardToolTipTagFragmentGenerator,66,54,0.8181818,2,0.4090909
javaProjects\chart\imagemap\StandardURLTagFragmentGenerator.java,StandardURLTagFragmentGenerator,68,56,0.8235294,2,0.4117647
javaProjects\chart\imagemap\ToolTipTagFragmentGenerator.java,ToolTipTagFragmentGenerator,62,58,0.9354839,1,0.9354839
javaProjects\chart\imagemap\URLTagFragmentGenerator.java,URLTagFragmentGenerator,63,55,0.8730159,1,0.8730159
javaProjects\chart\JFreeChart.java,JFreeChart,1551,745,0.48033527,103,0.0046634492
javaProjects\chart\labels\AbstractCategoryItemLabelGenerator.java,AbstractCategoryItemLabelGenerator,289,154,0.53287196,10,0.053287197
javaProjects\chart\labels\AbstractPieItemLabelGenerator.java,AbstractPieItemLabelGenerator,214,111,0.5186916,19,0.027299559
javaProjects\chart\labels\AbstractXYItemLabelGenerator.java,AbstractXYItemLabelGenerator,320,165,0.515625,18,0.028645834
javaProjects\chart\labels\BoxAndWhiskerToolTipGenerator.java,BoxAndWhiskerToolTipGenerator,134,82,0.6119403,2,0.30597016
javaProjects\chart\labels\BoxAndWhiskerXYToolTipGenerator.java,BoxAndWhiskerXYToolTipGenerator,143,86,0.6013986,2,0.3006993
javaProjects\chart\labels\BubbleXYItemLabelGenerator.java,BubbleXYItemLabelGenerator,245,130,0.53061223,11,0.048237476
javaProjects\chart\labels\CategoryItemLabelGenerator.java,CategoryItemLabelGenerator,78,71,0.9102564,3,0.3034188
javaProjects\chart\labels\CategorySeriesLabelGenerator.java,CategorySeriesLabelGenerator,57,52,0.9122807,1,0.9122807
javaProjects\chart\labels\CategoryToolTipGenerator.java,CategoryToolTipGenerator,62,57,0.91935486,1,0.91935486
javaProjects\chart\labels\CrosshairLabelGenerator.java,CrosshairLabelGenerator,53,48,0.9056604,1,0.9056604
javaProjects\chart\labels\CustomXYToolTipGenerator.java,CustomXYToolTipGenerator,170,93,0.5470588,18,0.030392157
javaProjects\chart\labels\HighLowItemLabelGenerator.java,HighLowItemLabelGenerator,204,94,0.46078432,17,0.027104959
javaProjects\chart\labels\IntervalCategoryItemLabelGenerator.java,IntervalCategoryItemLabelGenerator,123,69,0.5609756,-2,-0.2804878
javaProjects\chart\labels\IntervalCategoryToolTipGenerator.java,IntervalCategoryToolTipGenerator,143,78,0.54545456,2,0.27272728
javaProjects\chart\labels\IntervalXYItemLabelGenerator.java,IntervalXYItemLabelGenerator,250,122,0.488,2,0.244
javaProjects\chart\labels\IntervalXYToolTipGenerator.java,IntervalXYToolTipGenerator,247,122,0.49392712,2,0.24696356
javaProjects\chart\labels\ItemLabelAnchor.java,ItemLabelAnchor,93,65,0.6989247,0,Infinity
javaProjects\chart\labels\ItemLabelPosition.java,ItemLabelPosition,171,95,0.5555556,11,0.050505053
javaProjects\chart\labels\MultipleXYSeriesLabelGenerator.java,MultipleXYSeriesLabelGenerator,216,101,0.4675926,18,0.025977366
javaProjects\chart\labels\PieSectionLabelGenerator.java,PieSectionLabelGenerator<K,86,75,0.872093,0,Infinity
javaProjects\chart\labels\PieToolTipGenerator.java,PieToolTipGenerator,55,50,0.90909094,1,0.90909094
javaProjects\chart\labels\StandardCategoryItemLabelGenerator.java,StandardCategoryItemLabelGenerator,136,89,0.6544118,3,0.21813726
javaProjects\chart\labels\StandardCategorySeriesLabelGenerator.java,StandardCategorySeriesLabelGenerator,145,88,0.6068966,10,0.060689658
javaProjects\chart\labels\StandardCategoryToolTipGenerator.java,StandardCategoryToolTipGenerator,120,77,0.64166665,2,0.32083333
javaProjects\chart\labels\StandardCrosshairLabelGenerator.java,StandardCrosshairLabelGenerator,145,83,0.5724138,9,0.06360153
javaProjects\chart\labels\StandardPieSectionLabelGenerator.java,StandardPieSectionLabelGenerator,235,150,0.63829786,11,0.058027077
javaProjects\chart\labels\StandardPieToolTipGenerator.java,StandardPieToolTipGenerator,134,97,0.7238806,4,0.18097015
javaProjects\chart\labels\StandardXYItemLabelGenerator.java,StandardXYItemLabelGenerator,178,120,0.6741573,4,0.16853933
javaProjects\chart\labels\StandardXYSeriesLabelGenerator.java,StandardXYSeriesLabelGenerator,152,94,0.6184211,10,0.061842106
javaProjects\chart\labels\StandardXYToolTipGenerator.java,StandardXYToolTipGenerator,177,118,0.6666667,3,0.22222222
javaProjects\chart\labels\StandardXYZToolTipGenerator.java,StandardXYZToolTipGenerator,233,123,0.527897,8,0.065987125
javaProjects\chart\labels\SymbolicXYItemLabelGenerator.java,SymbolicXYItemLabelGenerator,158,88,0.556962,14,0.039783
javaProjects\chart\labels\XYItemLabelGenerator.java,XYItemLabelGenerator,55,50,0.90909094,1,0.90909094
javaProjects\chart\labels\XYSeriesLabelGenerator.java,XYSeriesLabelGenerator,58,53,0.9137931,1,0.9137931
javaProjects\chart\labels\XYToolTipGenerator.java,XYToolTipGenerator,54,49,0.9074074,1,0.9074074
javaProjects\chart\labels\XYZToolTipGenerator.java,XYZToolTipGenerator,54,49,0.9074074,1,0.9074074
javaProjects\chart\LegendItem.java,LegendItem,1058,613,0.57939506,70,0.008277073
javaProjects\chart\LegendItemCollection.java,LegendItemCollection,142,87,0.6126761,12,0.05105634
javaProjects\chart\LegendItemSource.java,LegendItemSource,50,46,0.92,1,0.92
javaProjects\chart\LegendRenderingOrder.java,LegendRenderingOrder,46,41,0.8913044,0,Infinity
javaProjects\chart\MouseWheelHandler.java,MouseWheelHandler,143,78,0.54545456,13,0.04195804
javaProjects\chart\needle\ArrowNeedle.java,ArrowNeedle,165,87,0.5272727,7,0.07532467
javaProjects\chart\needle\LineNeedle.java,LineNeedle,120,78,0.65,4,0.1625
javaProjects\chart\needle\LongNeedle.java,LongNeedle,173,83,0.47976878,5,0.095953755
javaProjects\chart\needle\MeterNeedle.java,MeterNeedle,386,208,0.5388601,38,0.014180529
javaProjects\chart\needle\MiddlePinNeedle.java,MiddlePinNeedle,144,80,0.5555556,5,0.11111112
javaProjects\chart\needle\PinNeedle.java,PinNeedle,142,80,0.5633803,5,0.11267606
javaProjects\chart\needle\PlumNeedle.java,PlumNeedle,130,78,0.6,5,0.120000005
javaProjects\chart\needle\PointerNeedle.java,PointerNeedle,150,79,0.52666664,5,0.10533333
javaProjects\chart\needle\ShipNeedle.java,ShipNeedle,129,79,0.6124031,5,0.122480616
javaProjects\chart\needle\WindNeedle.java,WindNeedle,117,72,0.61538464,5,0.12307693
javaProjects\chart\PaintMap.java,PaintMap<K,212,115,0.5424528,16,0.0339033
javaProjects\chart\panel\AbstractOverlay.java,AbstractOverlay,104,70,0.6730769,6,0.11217949
javaProjects\chart\panel\CrosshairOverlay.java,CrosshairOverlay,574,174,0.3031359,56,0.005413141
javaProjects\chart\panel\Overlay.java,Overlay,83,74,0.8915663,3,0.29718876
javaProjects\chart\plot\AbstractPieLabelDistributor.java,AbstractPieLabelDistributor,102,78,0.7647059,6,0.12745099
javaProjects\chart\plot\CategoryCrosshairState.java,CategoryCrosshairState<R,160,96,0.6,3,0.2
javaProjects\chart\plot\CategoryMarker.java,CategoryMarker,164,103,0.6280488,11,0.057095345
javaProjects\chart\plot\CategoryPlot.java,CategoryPlot<R,4701,2229,0.47415444,322,0.0014725294
javaProjects\chart\plot\CenterTextMode.java,CenterTextMode,58,48,0.82758623,0,Infinity
javaProjects\chart\plot\CombinedDomainCategoryPlot.java,CombinedDomainCategoryPlot,634,252,0.39747635,39,0.010191701
javaProjects\chart\plot\CombinedDomainXYPlot.java,CombinedDomainXYPlot<S,708,297,0.41949153,38,0.0110392505
javaProjects\chart\plot\CombinedRangeCategoryPlot.java,CombinedRangeCategoryPlot,522,204,0.3908046,34,0.011494253
javaProjects\chart\plot\CombinedRangeXYPlot.java,CombinedRangeXYPlot<S,662,275,0.41540787,33,0.012588117
javaProjects\chart\plot\CompassPlot.java,CompassPlot,814,360,0.44226044,65,0.0068040066
javaProjects\chart\plot\Crosshair.java,Crosshair,679,380,0.55964655,57,0.00981836
javaProjects\chart\plot\CrosshairState.java,CrosshairState,366,254,0.6939891,21,0.0330471
javaProjects\chart\plot\DatasetRenderingOrder.java,DatasetRenderingOrder,61,56,0.91803277,0,Infinity
javaProjects\chart\plot\DefaultDrawingSupplier.java,DefaultDrawingSupplier,490,204,0.41632652,29,0.014356087
javaProjects\chart\plot\dial\AbstractDialLayer.java,AbstractDialLayer,197,122,0.61928934,14,0.044234954
javaProjects\chart\plot\dial\ArcDialFrame.java,ArcDialFrame,470,242,0.5148936,34,0.015143929
javaProjects\chart\plot\dial\DialBackground.java,DialBackground,251,151,0.6015936,15,0.04010624
javaProjects\chart\plot\dial\DialCap.java,DialCap,313,182,0.58146966,21,0.02768903
javaProjects\chart\plot\dial\DialFrame.java,DialFrame,66,59,0.8939394,1,0.8939394
javaProjects\chart\plot\dial\DialLayer.java,DialLayer,109,95,0.8715596,4,0.2178899
javaProjects\chart\plot\dial\DialLayerChangeEvent.java,DialLayerChangeEvent,69,57,0.82608694,2,0.41304347
javaProjects\chart\plot\dial\DialLayerChangeListener.java,DialLayerChangeListener,58,53,0.9137931,1,0.9137931
javaProjects\chart\plot\dial\DialPlot.java,DialPlot,756,376,0.4973545,64,0.007771164
javaProjects\chart\plot\dial\DialPointer.java,DialPointer,591,312,0.52791876,42,0.012569495
javaProjects\chart\plot\dial\DialScale.java,DialScale,71,66,0.92957747,2,0.46478873
javaProjects\chart\plot\dial\DialTextAnnotation.java,DialTextAnnotation,373,213,0.5710456,27,0.021149836
javaProjects\chart\plot\dial\DialValueIndicator.java,DialValueIndicator,709,372,0.52468264,58,0.009046253
javaProjects\chart\plot\dial\StandardDialFrame.java,StandardDialFrame,332,183,0.5512048,22,0.025054764
javaProjects\chart\plot\dial\StandardDialRange.java,StandardDialRange,402,221,0.5497512,31,0.017733911
javaProjects\chart\plot\dial\StandardDialScale.java,StandardDialScale,963,527,0.5472482,69,0.007931133
javaProjects\chart\plot\DialShape.java,DialShape,55,49,0.8909091,0,Infinity
javaProjects\chart\plot\DrawingSupplier.java,DrawingSupplier,98,86,0.877551,6,0.1462585
javaProjects\chart\plot\FastScatterPlot.java,FastScatterPlot,1044,518,0.49616858,52,0.009541703
javaProjects\chart\plot\IntervalMarker.java,IntervalMarker,204,122,0.5980392,13,0.046003018
javaProjects\chart\plot\Marker.java,Marker,635,373,0.58740157,51,0.011517677
javaProjects\chart\plot\MeterInterval.java,MeterInterval,205,116,0.56585366,15,0.03772358
javaProjects\chart\plot\MeterPlot.java,MeterPlot,1197,549,0.45864663,74,0.0061979275
javaProjects\chart\plot\MultiplePiePlot.java,MultiplePiePlot,640,271,0.4234375,35,0.012098215
javaProjects\chart\plot\Pannable.java,Pannable,88,76,0.8636364,1,0.8636364
javaProjects\chart\plot\PieLabelDistributor.java,PieLabelDistributor,214,104,0.48598132,17,0.028587136
javaProjects\chart\plot\PieLabelLinkStyle.java,PieLabelLinkStyle,56,50,0.89285713,0,Infinity
javaProjects\chart\plot\PieLabelRecord.java,PieLabelRecord,260,146,0.56153846,27,0.02079772
javaProjects\chart\plot\PiePlot.java,PiePlot,3096,1491,0.48158914,957,5.0322793E-4
javaProjects\chart\plot\PiePlotState.java,PiePlotState,244,164,0.6721311,21,0.032006245
javaProjects\chart\plot\Plot.java,Plot,1388,712,0.5129683,111,0.0046213362
javaProjects\chart\plot\PlotOrientation.java,PlotOrientation,79,67,0.84810126,2,0.42405063
javaProjects\chart\plot\PlotRenderingInfo.java,PlotRenderingInfo,265,148,0.5584906,23,0.024282198
javaProjects\chart\plot\PlotState.java,PlotState,62,48,0.7741935,2,0.38709676
javaProjects\chart\plot\PolarAxisLocation.java,PolarAxisLocation,65,54,0.83076924,0,Infinity
javaProjects\chart\plot\PolarPlot.java,PolarPlot,2021,966,0.4779812,139,0.0034387137
javaProjects\chart\plot\RingPlot.java,RingPlot,684,325,0.4751462,80,0.0059393276
javaProjects\chart\plot\SeriesRenderingOrder.java,SeriesRenderingOrder,59,54,0.91525424,0,Infinity
javaProjects\chart\plot\SpiderWebPlot.java,SpiderWebPlot,1505,704,0.4677741,108,0.004331242
javaProjects\chart\plot\ThermometerPlot.java,ThermometerPlot,1547,764,0.49385908,117,0.004221018
javaProjects\chart\plot\ValueAxisPlot.java,ValueAxisPlot,60,54,0.9,1,0.9
javaProjects\chart\plot\ValueMarker.java,ValueMarker,147,104,0.707483,8,0.088435374
javaProjects\chart\plot\WaferMapPlot.java,WaferMapPlot,411,160,0.38929442,32,0.0121654505
javaProjects\chart\plot\XYCrosshairState.java,XYCrosshairState,53,47,0.8867925,1,0.8867925
javaProjects\chart\plot\XYPlot.java,XYPlot<S,5157,2347,0.45510957,350,0.001300313
javaProjects\chart\plot\Zoomable.java,Zoomable,167,147,0.88023955,-3,-0.2934132
javaProjects\chart\PolarChartPanel.java,PolarChartPanel,250,117,0.468,12,0.039
javaProjects\chart\renderer\AbstractRenderer.java,AbstractRenderer,2941,1658,0.56375384,244,0.0023104665
javaProjects\chart\renderer\AreaRendererEndType.java,AreaRendererEndType,59,53,0.89830506,0,Infinity
javaProjects\chart\renderer\category\AbstractCategoryItemRenderer.java,AbstractCategoryItemRenderer,1579,636,0.40278658,42,0.009590156
javaProjects\chart\renderer\category\AreaRenderer.java,AreaRenderer,344,146,0.4244186,14,0.030315613
javaProjects\chart\renderer\category\BarPainter.java,BarPainter,87,76,0.87356323,-2,-0.43678162
javaProjects\chart\renderer\category\BarRenderer.java,BarRenderer,1335,626,0.46891385,53,0.008847431
javaProjects\chart\renderer\category\BoxAndWhiskerRenderer.java,BoxAndWhiskerRenderer,1057,448,0.42384106,36,0.011773363
javaProjects\chart\renderer\category\CategoryItemRenderer.java,CategoryItemRenderer,1478,1267,0.8572395,79,0.010851133
javaProjects\chart\renderer\category\CategoryItemRendererState.java,CategoryItemRendererState,210,146,0.6952381,13,0.053479854
javaProjects\chart\renderer\category\CategoryStepRenderer.java,CategoryStepRenderer,352,169,0.48011363,14,0.03429383
javaProjects\chart\renderer\category\DefaultCategoryItemRenderer.java,DefaultCategoryItemRenderer,54,46,0.8518519,0,Infinity
javaProjects\chart\renderer\category\GanttRenderer.java,GanttRenderer,571,209,0.36602452,14,0.026144609
javaProjects\chart\renderer\category\GradientBarPainter.java,GradientBarPainter,354,135,0.38135594,4,0.095338985
javaProjects\chart\renderer\category\GroupedStackedBarRenderer.java,GroupedStackedBarRenderer,350,128,0.36571428,5,0.07314286
javaProjects\chart\renderer\category\IntervalBarRenderer.java,IntervalBarRenderer,260,135,0.5192308,3,0.17307693
javaProjects\chart\renderer\category\LayeredBarRenderer.java,LayeredBarRenderer,425,141,0.3317647,0,Infinity
javaProjects\chart\renderer\category\LevelRenderer.java,LevelRenderer,435,201,0.46206897,5,0.0924138
javaProjects\chart\renderer\category\LineAndShapeRenderer.java,LineAndShapeRenderer,856,463,0.54088783,53,0.010205431
javaProjects\chart\renderer\category\MinMaxCategoryRenderer.java,MinMaxCategoryRenderer,525,251,0.47809523,37,0.012921493
javaProjects\chart\renderer\category\ScatterRenderer.java,ScatterRenderer,541,269,0.49722737,39,0.01274942
javaProjects\chart\renderer\category\StackedAreaRenderer.java,StackedAreaRenderer,488,190,0.38934427,17,0.022902604
javaProjects\chart\renderer\category\StackedBarRenderer.java,StackedBarRenderer,408,187,0.45833334,12,0.038194444
javaProjects\chart\renderer\category\StandardBarPainter.java,StandardBarPainter,215,104,0.48372093,2,0.24186046
javaProjects\chart\renderer\category\StatisticalBarRenderer.java,StatisticalBarRenderer,546,193,0.35347986,10,0.035347987
javaProjects\chart\renderer\category\StatisticalLineAndShapeRenderer.java,StatisticalLineAndShapeRenderer,467,186,0.39828694,12,0.03319058
javaProjects\chart\renderer\category\WaterfallBarRenderer.java,WaterfallBarRenderer,463,194,0.41900647,25,0.016760258
javaProjects\chart\renderer\DefaultPolarItemRenderer.java,DefaultPolarItemRenderer,921,414,0.4495114,55,0.008172935
javaProjects\chart\renderer\GrayPaintScale.java,GrayPaintScale,221,137,0.6199095,17,0.036465265
javaProjects\chart\renderer\LookupPaintScale.java,LookupPaintScale,361,179,0.49584487,36,0.013773468
javaProjects\chart\renderer\NotOutlierException.java,NotOutlierException,58,52,0.8965517,1,0.8965517
javaProjects\chart\renderer\Outlier.java,Outlier,197,127,0.64467007,18,0.035815004
javaProjects\chart\renderer\OutlierList.java,OutlierList,157,108,0.6878981,10,0.06878981
javaProjects\chart\renderer\OutlierListCollection.java,OutlierListCollection,158,109,0.6898734,12,0.05748945
javaProjects\chart\renderer\PaintScale.java,PaintScale,81,73,0.90123457,3,0.30041152
javaProjects\chart\renderer\PolarItemRenderer.java,PolarItemRenderer,204,167,0.8186275,7,0.11694678
javaProjects\chart\renderer\RendererState.java,RendererState,117,83,0.7094017,7,0.1013431
javaProjects\chart\renderer\RendererUtils.java,RendererUtils,281,109,0.38790035,-3,-0.12930012
javaProjects\chart\renderer\WaferMapRenderer.java,WaferMapRenderer,362,154,0.42541435,37,0.011497686
javaProjects\chart\renderer\xy\AbstractXYItemRenderer.java,AbstractXYItemRenderer,1565,574,0.36677316,44,0.008335753
javaProjects\chart\renderer\xy\CandlestickRenderer.java,CandlestickRenderer,847,405,0.4781582,42,0.011384719
javaProjects\chart\renderer\xy\ClusteredXYBarRenderer.java,ClusteredXYBarRenderer,357,160,0.44817927,13,0.03447533
javaProjects\chart\renderer\xy\CyclicXYItemRenderer.java,CyclicXYItemRenderer,473,201,0.42494714,18,0.023608174
javaProjects\chart\renderer\xy\DefaultXYItemRenderer.java,DefaultXYItemRenderer,54,47,0.8703704,0,Infinity
javaProjects\chart\renderer\xy\DeviationRenderer.java,DeviationRenderer,364,187,0.51373625,13,0.039518174
javaProjects\chart\renderer\xy\GradientXYBarPainter.java,GradientXYBarPainter,352,133,0.3778409,4,0.09446023
javaProjects\chart\renderer\xy\HighLowRenderer.java,HighLowRenderer,491,245,0.49898168,25,0.019959267
javaProjects\chart\renderer\xy\SamplingXYLineRenderer.java,SamplingXYLineRenderer,346,166,0.47976878,9,0.05330764
javaProjects\chart\renderer\xy\StackedXYAreaRenderer.java,StackedXYAreaRenderer,668,308,0.46107784,22,0.020958083
javaProjects\chart\renderer\xy\StackedXYAreaRenderer2.java,StackedXYAreaRenderer2,533,197,0.36960602,15,0.024640402
javaProjects\chart\renderer\xy\StackedXYBarRenderer.java,StackedXYBarRenderer,421,175,0.41567695,14,0.02969121
javaProjects\chart\renderer\xy\StandardXYBarPainter.java,StandardXYBarPainter,210,99,0.47142857,2,0.23571429
javaProjects\chart\renderer\xy\StandardXYItemRenderer.java,StandardXYItemRenderer,928,439,0.47306034,51,0.0092756925
javaProjects\chart\renderer\xy\VectorRenderer.java,VectorRenderer,332,123,0.37048194,20,0.018524097
javaProjects\chart\renderer\xy\WindItemRenderer.java,WindItemRenderer,180,95,0.5277778,1,0.5277778
javaProjects\chart\renderer\xy\XYAreaRenderer.java,XYAreaRenderer,736,328,0.4456522,30,0.014855073
javaProjects\chart\renderer\xy\XYAreaRenderer2.java,XYAreaRenderer2,448,207,0.46205357,16,0.028878348
javaProjects\chart\renderer\xy\XYBarPainter.java,XYBarPainter,87,76,0.87356323,-2,-0.43678162
javaProjects\chart\renderer\xy\XYBarRenderer.java,XYBarRenderer,1205,575,0.47717842,58,0.008227214
javaProjects\chart\renderer\xy\XYBlockRenderer.java,XYBlockRenderer,493,234,0.47464502,36,0.013184584
javaProjects\chart\renderer\xy\XYBoxAndWhiskerRenderer.java,XYBoxAndWhiskerRenderer,807,345,0.4275093,21,0.020357586
javaProjects\chart\renderer\xy\XYBubbleRenderer.java,XYBubbleRenderer,343,148,0.43148687,15,0.028765792
javaProjects\chart\renderer\xy\XYDifferenceRenderer.java,XYDifferenceRenderer,1126,361,0.3206039,25,0.012824156
javaProjects\chart\renderer\xy\XYDotRenderer.java,XYDotRenderer,371,198,0.5336927,25,0.021347709
javaProjects\chart\renderer\xy\XYErrorRenderer.java,XYErrorRenderer,438,221,0.5045662,26,0.019406391
javaProjects\chart\renderer\xy\XYItemRenderer.java,XYItemRenderer,1363,1159,0.8503302,92,0.009242719
javaProjects\chart\renderer\xy\XYItemRendererState.java,XYItemRendererState,184,146,0.79347825,3,0.26449275
javaProjects\chart\renderer\xy\XYLineAndShapeRenderer.java,XYLineAndShapeRenderer,1128,597,0.52925533,60,0.008820922
javaProjects\chart\renderer\xy\XYShapeRenderer.java,XYShapeRenderer,584,306,0.52397263,42,0.012475539
javaProjects\chart\renderer\xy\XYSplineRenderer.java,XYSplineRenderer,500,215,0.43,15,0.028666668
javaProjects\chart\renderer\xy\XYStepAreaRenderer.java,XYStepAreaRenderer,623,301,0.48314607,21,0.023006955
javaProjects\chart\renderer\xy\XYStepRenderer.java,XYStepRenderer,364,186,0.510989,7,0.07299843
javaProjects\chart\renderer\xy\YIntervalRenderer.java,YIntervalRenderer,299,150,0.50167227,5,0.10033445
javaProjects\chart\resources\JFreeChartResources.java,JFreeChartResources,61,46,0.75409836,1,0.75409836
javaProjects\chart\StandardChartTheme.java,StandardChartTheme,1678,712,0.42431465,182,0.0023313991
javaProjects\chart\StrokeMap.java,StrokeMap<K,205,112,0.5463415,15,0.036422767
javaProjects\chart\text\AttributedStringUtils.java,AttributedStringUtils,92,46,0.5,9,0.055555556
javaProjects\chart\text\G2TextMeasurer.java,G2TextMeasurer,66,46,0.6969697,2,0.34848484
javaProjects\chart\text\package-info.java,,4,3,0.75,0,Infinity
javaProjects\chart\text\TextBlock.java,TextBlock,310,135,0.43548387,13,0.03349876
javaProjects\chart\text\TextBlockAnchor.java,TextBlockAnchor,56,44,0.78571427,0,Infinity
javaProjects\chart\text\TextBox.java,TextBox,379,175,0.46174142,39,0.011839524
javaProjects\chart\text\TextFragment.java,TextFragment,291,143,0.49140894,22,0.02233677
javaProjects\chart\text\TextLine.java,TextLine,249,115,0.4618474,21,0.021992734
javaProjects\chart\text\TextMeasurer.java,TextMeasurer,46,41,0.8913044,1,0.8913044
javaProjects\chart\text\TextUtils.java,TextUtils,752,316,0.42021278,-9,-0.046690308
javaProjects\chart\title\CompositeTitle.java,CompositeTitle,231,139,0.6017316,17,0.035395976
javaProjects\chart\title\DateTitle.java,DateTitle,155,118,0.7612903,3,0.25376344
javaProjects\chart\title\ImageTitle.java,ImageTitle,338,172,0.5088757,25,0.020355029
javaProjects\chart\title\LegendGraphic.java,LegendGraphic,693,373,0.53823954,72,0.0074755494
javaProjects\chart\title\LegendItemBlockContainer.java,LegendItemBlockContainer,198,128,0.64646465,9,0.07182941
javaProjects\chart\title\LegendTitle.java,LegendTitle,614,270,0.4397394,59,0.00745321
javaProjects\chart\title\PaintScaleLegend.java,PaintScaleLegend,682,290,0.42521995,63,0.006749523
javaProjects\chart\title\ShortTextTitle.java,ShortTextTitle,230,111,0.4826087,23,0.020982986
javaProjects\chart\title\TextTitle.java,TextTitle,872,392,0.44954127,89,0.0050510257
javaProjects\chart\title\Title.java,Title,421,245,0.58194774,30,0.019398259
javaProjects\chart\ui\Align.java,Align,114,61,0.5350877,8,0.06688596
javaProjects\chart\ui\ApplicationFrame.java,ApplicationFrame,121,80,0.661157,9,0.07346189
javaProjects\chart\ui\Drawable.java,Drawable,44,38,0.8636364,1,0.8636364
javaProjects\chart\ui\FontChooserPanel.java,FontChooserPanel,184,70,0.38043478,4,0.095108695
javaProjects\chart\ui\FontDisplayField.java,FontDisplayField,88,58,0.65909094,6,0.10984849
javaProjects\chart\ui\GradientPaintTransformer.java,GradientPaintTransformer,49,42,0.85714287,1,0.85714287
javaProjects\chart\ui\GradientPaintTransformType.java,GradientPaintTransformType,45,38,0.84444445,0,Infinity
javaProjects\chart\ui\HorizontalAlignment.java,HorizontalAlignment,45,38,0.84444445,0,Infinity
javaProjects\chart\ui\Layer.java,Layer,38,33,0.8684211,0,Infinity
javaProjects\chart\ui\LCBLayout.java,LCBLayout,244,90,0.36885247,17,0.021697205
javaProjects\chart\ui\LengthAdjustmentType.java,LengthAdjustmentType,45,38,0.84444445,0,Infinity
javaProjects\chart\ui\NumberCellRenderer.java,NumberCellRenderer,79,49,0.62025315,0,Infinity
javaProjects\chart\ui\PaintSample.java,PaintSample,101,58,0.57425743,5,0.11485149
javaProjects\chart\ui\RectangleAnchor.java,RectangleAnchor,128,58,0.453125,9,0.050347224
javaProjects\chart\ui\RectangleEdge.java,RectangleEdge,115,70,0.6086956,14,0.043478258
javaProjects\chart\ui\RectangleInsets.java,RectangleInsets,525,242,0.46095237,33,0.0139682535
javaProjects\chart\ui\Size2D.java,Size2D,157,86,0.5477707,14,0.039126478
javaProjects\chart\ui\StandardGradientPaintTransformer.java,StandardGradientPaintTransformer,170,80,0.47058824,12,0.039215688
javaProjects\chart\ui\StrokeChooserPanel.java,StrokeChooserPanel,88,54,0.6136364,3,0.20454545
javaProjects\chart\ui\StrokeSample.java,StrokeSample,152,75,0.49342105,5,0.09868421
javaProjects\chart\ui\TextAnchor.java,TextAnchor,165,111,0.6727273,8,0.08409091
javaProjects\chart\ui\UIUtils.java,UIUtils,183,97,0.5300546,7,0.07572209
javaProjects\chart\ui\VerticalAlignment.java,VerticalAlignment,46,39,0.84782606,0,Infinity
javaProjects\chart\urls\CategoryURLGenerator.java,CategoryURLGenerator,74,68,0.9189189,-1,-1.0
javaProjects\chart\urls\CustomCategoryURLGenerator.java,CustomCategoryURLGenerator,180,92,0.51111114,22,0.023232324
javaProjects\chart\urls\CustomPieURLGenerator.java,CustomPieURLGenerator,210,116,0.552381,14,0.039455783
javaProjects\chart\urls\CustomXYURLGenerator.java,CustomXYURLGenerator,194,105,0.5412371,22,0.024601687
javaProjects\chart\urls\PieURLGenerator.java,PieURLGenerator,65,60,0.9230769,1,0.9230769
javaProjects\chart\urls\StandardCategoryURLGenerator.java,StandardCategoryURLGenerator,202,113,0.5594059,8,0.06992574
javaProjects\chart\urls\StandardPieURLGenerator.java,StandardPieURLGenerator,168,98,0.5833333,7,0.08333333
javaProjects\chart\urls\StandardXYURLGenerator.java,StandardXYURLGenerator,142,83,0.58450705,8,0.07306338
javaProjects\chart\urls\StandardXYZURLGenerator.java,StandardXYZURLGenerator,61,52,0.852459,1,0.852459
javaProjects\chart\urls\TimeSeriesURLGenerator.java,TimeSeriesURLGenerator,207,117,0.5652174,14,0.04037267
javaProjects\chart\urls\XYURLGenerator.java,XYURLGenerator,67,62,0.92537314,1,0.92537314
javaProjects\chart\urls\XYZURLGenerator.java,XYZURLGenerator,62,57,0.91935486,1,0.91935486
javaProjects\chart\util\AbstractObjectList.java,AbstractObjectList,249,124,0.49799198,22,0.022635998
javaProjects\chart\util\Args.java,Args,89,65,0.7303371,3,0.2434457
javaProjects\chart\util\ArrayUtils.java,ArrayUtils,190,83,0.4368421,9,0.048538014
javaProjects\chart\util\AttrStringUtils.java,AttrStringUtils,312,118,0.37820512,2,0.18910256
javaProjects\chart\util\BooleanList.java,BooleanList,92,68,0.73913044,6,0.123188406
javaProjects\chart\util\CloneUtils.java,CloneUtils,137,70,0.5109489,9,0.056772098
javaProjects\chart\util\DefaultShadowGenerator.java,DefaultShadowGenerator,293,130,0.443686,20,0.022184301
javaProjects\chart\util\DirectionalGradientPaintTransformer.java,DirectionalGradientPaintTransformer,141,81,0.5744681,6,0.09574468
javaProjects\chart\util\ExportUtils.java,ExportUtils,243,103,0.4238683,-2,-0.21193415
javaProjects\chart\util\HexNumberFormat.java,HexNumberFormat,140,94,0.67142856,1,0.67142856
javaProjects\chart\util\HMSNumberFormat.java,HMSNumberFormat,112,78,0.6964286,-1,-1.0
javaProjects\chart\util\LineUtils.java,LineUtils,165,70,0.42424244,14,0.030303031
javaProjects\chart\util\LogFormat.java,LogFormat,235,138,0.587234,11,0.05338491
javaProjects\chart\util\ObjectList.java,ObjectList,105,73,0.6952381,5,0.13904762
javaProjects\chart\util\PaintAlpha.java,PaintAlpha,384,240,0.625,22,0.028409092
javaProjects\chart\util\PaintList.java,PaintList,149,81,0.54362416,14,0.0388303
javaProjects\chart\util\PaintUtils.java,PaintUtils,187,75,0.40106952,19,0.021108922
javaProjects\chart\util\PublicCloneable.java,PublicCloneable,54,49,0.9074074,1,0.9074074
javaProjects\chart\util\RelativeDateFormat.java,RelativeDateFormat,527,297,0.56356734,41,0.0137455445
javaProjects\chart\util\ResourceBundleWrapper.java,ResourceBundleWrapper,167,111,0.66467065,12,0.05538922
javaProjects\chart\util\Rotation.java,Rotation,68,56,0.8235294,1,0.8235294
javaProjects\chart\util\SerialUtils.java,SerialUtils,604,188,0.3112583,8,0.038907286
javaProjects\chart\util\ShadowGenerator.java,ShadowGenerator,69,62,0.89855075,3,0.29951692
javaProjects\chart\util\ShapeList.java,ShapeList,156,90,0.5769231,14,0.041208792
javaProjects\chart\util\ShapeUtils.java,ShapeUtils,554,246,0.4440433,49,0.009062109
javaProjects\chart\util\SortOrder.java,SortOrder,45,40,0.8888889,0,Infinity
javaProjects\chart\util\StringUtils.java,StringUtils,88,63,0.71590906,6,0.11931818
javaProjects\chart\util\StrokeList.java,StrokeList,156,88,0.5641026,14,0.04029304
javaProjects\chart\util\TableOrder.java,TableOrder,45,40,0.8888889,0,Infinity
javaProjects\chart\util\UnitType.java,UnitType,45,40,0.8888889,0,Infinity
javaProjects\chart\util\XYCoordinateType.java,XYCoordinateType,56,50,0.89285713,0,Infinity
javaProjects\data\category\CategoryDataset.java,CategoryDataset<R,67,60,0.8955224,0,Infinity
javaProjects\data\category\CategoryRangeInfo.java,CategoryRangeInfo,63,56,0.8888889,-1,-1.0
javaProjects\data\category\CategoryToPieDataset.java,CategoryToPieDataset,318,161,0.5062893,38,0.013323403
javaProjects\data\category\DefaultCategoryDataset.java,DefaultCategoryDataset<R,415,267,0.6433735,33,0.019496167
javaProjects\data\category\DefaultIntervalCategoryDataset.java,DefaultIntervalCategoryDataset,777,376,0.4839125,63,0.007681151
javaProjects\data\category\IntervalCategoryDataset.java,IntervalCategoryDataset<R,88,80,0.90909094,4,0.22727273
javaProjects\data\category\SlidingCategoryDataset.java,SlidingCategoryDataset<R,350,198,0.5657143,31,0.018248849
javaProjects\data\ComparableObjectItem.java,ComparableObjectItem,156,100,0.64102566,12,0.053418804
javaProjects\data\ComparableObjectSeries.java,ComparableObjectSeries<K,421,213,0.50593823,49,0.01032527
javaProjects\data\DataUtils.java,DataUtils,259,131,0.5057915,14,0.036127962
javaProjects\data\DefaultKeyedValue.java,DefaultKeyedValue<K,152,93,0.6118421,12,0.05098684
javaProjects\data\DefaultKeyedValues.java,DefaultKeyedValues<K,412,209,0.50728154,39,0.013007219
javaProjects\data\DefaultKeyedValues2D.java,DefaultKeyedValues2D<R,521,253,0.4856046,56,0.008671511
javaProjects\data\DomainInfo.java,DomainInfo,75,69,0.92,3,0.30666667
javaProjects\data\DomainOrder.java,DomainOrder,48,42,0.875,0,Infinity
javaProjects\data\function\Function2D.java,Function2D,55,51,0.92727274,1,0.92727274
javaProjects\data\function\LineFunction2D.java,LineFunction2D,128,86,0.671875,9,0.074652776
javaProjects\data\function\NormalDistributionFunction2D.java,NormalDistributionFunction2D,142,90,0.63380283,10,0.063380286
javaProjects\data\function\PolynomialFunction2D.java,PolynomialFunction2D,124,86,0.6935484,7,0.09907834
javaProjects\data\function\PowerFunction2D.java,PowerFunction2D,128,86,0.671875,9,0.074652776
javaProjects\data\gantt\GanttCategoryDataset.java,GanttCategoryDataset<R,161,146,0.9068323,10,0.09068323
javaProjects\data\gantt\SlidingGanttCategoryDataset.java,SlidingGanttCategoryDataset,619,336,0.542811,50,0.01085622
javaProjects\data\gantt\Task.java,Task,239,141,0.58995813,22,0.026816279
javaProjects\data\gantt\TaskSeries.java,TaskSeries<K,196,117,0.5969388,16,0.037308674
javaProjects\data\gantt\TaskSeriesCollection.java,TaskSeriesCollection<R,647,320,0.49459043,58,0.008527421
javaProjects\data\gantt\XYTaskDataset.java,XYTaskDataset,446,243,0.5448431,49,0.0111192465
javaProjects\data\general\AbstractDataset.java,AbstractDataset,287,196,0.68292683,24,0.028455285
javaProjects\data\general\AbstractSeriesDataset.java,AbstractSeriesDataset<S,101,73,0.7227723,6,0.12046205
javaProjects\data\general\Dataset.java,Dataset,87,80,0.9195402,4,0.22988506
javaProjects\data\general\DatasetChangeEvent.java,DatasetChangeEvent,81,70,0.86419755,2,0.43209878
javaProjects\data\general\DatasetChangeListener.java,DatasetChangeListener,58,53,0.9137931,1,0.9137931
javaProjects\data\general\DatasetGroup.java,DatasetGroup,119,76,0.6386555,9,0.07096172
javaProjects\data\general\DatasetUtils.java,DatasetUtils,2261,746,0.3299425,-18,-0.018330138
javaProjects\data\general\DefaultHeatMapDataset.java,DefaultHeatMapDataset,309,172,0.5566343,71,0.00783992
javaProjects\data\general\DefaultKeyedValueDataset.java,DefaultKeyedValueDataset,182,104,0.5714286,19,0.030075189
javaProjects\data\general\DefaultKeyedValues2DDataset.java,DefaultKeyedValues2DDataset<R,59,50,0.84745765,0,Infinity
javaProjects\data\general\DefaultKeyedValuesDataset.java,DefaultKeyedValuesDataset<K,48,42,0.875,0,Infinity
javaProjects\data\general\DefaultPieDataset.java,DefaultPieDataset<K,318,187,0.5880503,29,0.020277597
javaProjects\data\general\DefaultValueDataset.java,DefaultValueDataset,129,87,0.6744186,9,0.07493541
javaProjects\data\general\HeatMapDataset.java,HeatMapDataset,142,129,0.9084507,10,0.09084507
javaProjects\data\general\HeatMapUtils.java,HeatMapUtils,125,75,0.6,-3,-0.2
javaProjects\data\general\KeyedValueDataset.java,KeyedValueDataset,49,44,0.8979592,0,Infinity
javaProjects\data\general\KeyedValues2DDataset.java,KeyedValues2DDataset<R,49,44,0.8979592,0,Infinity
javaProjects\data\general\KeyedValuesDataset.java,KeyedValuesDataset<K,45,40,0.8888889,0,Infinity
javaProjects\data\general\PieDataset.java,PieDataset<K,58,52,0.8965517,0,Infinity
javaProjects\data\general\Series.java,Series<K,376,225,0.5984042,27,0.02216312
javaProjects\data\general\SeriesChangeEvent.java,SeriesChangeEvent,59,50,0.84745765,1,0.84745765
javaProjects\data\general\SeriesChangeListener.java,SeriesChangeListener,55,50,0.90909094,1,0.90909094
javaProjects\data\general\SeriesDataset.java,SeriesDataset<S,79,68,0.8607595,3,0.28691983
javaProjects\data\general\SeriesException.java,SeriesException,59,51,0.86440676,1,0.86440676
javaProjects\data\general\ValueDataset.java,ValueDataset,49,44,0.8979592,0,Infinity
javaProjects\data\general\WaferMapDataset.java,WaferMapDataset,275,165,0.6,27,0.022222223
javaProjects\data\io\CSV.java,CSV,193,96,0.4974093,11,0.04521903
javaProjects\data\ItemKey.java,ItemKey,50,46,0.92,0,Infinity
javaProjects\data\jdbc\JDBCCategoryDataset.java,JDBCCategoryDataset,300,154,0.5133333,34,0.015098039
javaProjects\data\jdbc\JDBCPieDataset.java,JDBCPieDataset,228,122,0.5350877,20,0.026754385
javaProjects\data\jdbc\JDBCXYDataset.java,JDBCXYDataset,523,250,0.47801146,18,0.026556192
javaProjects\data\json\impl\JSONArray.java,JSONArray,155,75,0.48387095,10,0.048387095
javaProjects\data\json\impl\JSONAware.java,JSONAware,45,40,0.8888889,0,Infinity
javaProjects\data\json\impl\JSONObject.java,JSONObject,188,93,0.49468085,13,0.038052373
javaProjects\data\json\impl\JSONStreamAware.java,JSONStreamAware,50,43,0.86,0,Infinity
javaProjects\data\json\impl\JSONValue.java,JSONValue,416,213,0.5120192,21,0.024381867
javaProjects\data\json\impl\package-info.java,,4,3,0.75,0,Infinity
javaProjects\data\json\JSONUtils.java,JSONUtils,197,90,0.4568528,4,0.1142132
javaProjects\data\json\package-info.java,,4,3,0.75,0,Infinity
javaProjects\data\KeyedObject.java,KeyedObject<K,136,80,0.5882353,12,0.04901961
javaProjects\data\KeyedObjects.java,KeyedObjects<K,317,167,0.52681386,35,0.015051825
javaProjects\data\KeyedObjects2D.java,KeyedObjects2D<R,479,228,0.47599164,53,0.008980975
javaProjects\data\KeyedValue.java,KeyedValue<K,51,47,0.92156863,1,0.92156863
javaProjects\data\KeyedValueComparator.java,KeyedValueComparator,152,68,0.4473684,21,0.021303257
javaProjects\data\KeyedValueComparatorType.java,KeyedValueComparatorType,53,48,0.9056604,0,Infinity
javaProjects\data\KeyedValues.java,KeyedValues<K,90,82,0.9111111,4,0.22777778
javaProjects\data\KeyedValues2D.java,KeyedValues2D<R,104,92,0.88461536,7,0.12637362
javaProjects\data\KeyedValues2DItemKey.java,KeyedValues2DItemKey<R,150,70,0.46666667,13,0.035897437
javaProjects\data\KeyedValuesItemKey.java,KeyedValuesItemKey<K,113,59,0.5221239,9,0.058013763
javaProjects\data\KeyToGroupMap.java,KeyToGroupMap<K,296,127,0.42905405,33,0.0130016375
javaProjects\data\Range.java,Range,451,253,0.5609756,47,0.011935651
javaProjects\data\RangeInfo.java,RangeInfo,71,65,0.91549295,3,0.3051643
javaProjects\data\RangeType.java,RangeType,54,48,0.8888889,0,Infinity
javaProjects\data\resources\DataPackageResources.java,DataPackageResources,63,51,0.8095238,1,0.8095238
javaProjects\data\resources\DataPackageResources_de.java,DataPackageResources_de,63,51,0.8095238,1,0.8095238
javaProjects\data\resources\DataPackageResources_es.java,DataPackageResources_es,63,51,0.8095238,1,0.8095238
javaProjects\data\resources\DataPackageResources_fr.java,DataPackageResources_fr,62,50,0.8064516,1,0.8064516
javaProjects\data\resources\DataPackageResources_pl.java,DataPackageResources_pl,64,52,0.8125,1,0.8125
javaProjects\data\resources\DataPackageResources_ru.java,DataPackageResources_ru,60,48,0.8,1,0.8
javaProjects\data\statistics\BoxAndWhiskerCalculator.java,BoxAndWhiskerCalculator,204,90,0.44117647,10,0.04411765
javaProjects\data\statistics\BoxAndWhiskerCategoryDataset.java,BoxAndWhiskerCategoryDataset<R,219,195,0.89041096,18,0.049467277
javaProjects\data\statistics\BoxAndWhiskerItem.java,BoxAndWhiskerItem,265,139,0.5245283,22,0.023842197
javaProjects\data\statistics\BoxAndWhiskerXYDataset.java,BoxAndWhiskerXYDataset<S,166,149,0.89759034,11,0.081599124
javaProjects\data\statistics\DefaultBoxAndWhiskerCategoryDataset.java,DefaultBoxAndWhiskerCategoryDataset<R,875,458,0.52342856,75,0.0069790473
javaProjects\data\statistics\DefaultBoxAndWhiskerXYDataset.java,DefaultBoxAndWhiskerXYDataset<S,524,285,0.54389316,52,0.010459484
javaProjects\data\statistics\DefaultMultiValueCategoryDataset.java,DefaultMultiValueCategoryDataset<R,382,185,0.4842932,38,0.012744558
javaProjects\data\statistics\DefaultStatisticalCategoryDataset.java,DefaultStatisticalCategoryDataset<R,697,322,0.46197993,40,0.011549498
javaProjects\data\statistics\HistogramBin.java,HistogramBin,157,95,0.60509557,13,0.04654581
javaProjects\data\statistics\HistogramDataset.java,HistogramDataset,476,254,0.53361344,49,0.01089007
javaProjects\data\statistics\HistogramType.java,HistogramType,53,47,0.8867925,0,Infinity
javaProjects\data\statistics\MeanAndStandardDeviation.java,MeanAndStandardDeviation,173,108,0.6242775,13,0.048021343
javaProjects\data\statistics\MultiValueCategoryDataset.java,MultiValueCategoryDataset<R,67,59,0.880597,2,0.4402985
javaProjects\data\statistics\Regression.java,Regression,343,118,0.34402332,12,0.02866861
javaProjects\data\statistics\SimpleHistogramBin.java,SimpleHistogramBin,261,130,0.49808428,30,0.016602809
javaProjects\data\statistics\SimpleHistogramDataset.java,SimpleHistogramDataset<K,462,273,0.59090906,40,0.014772726
javaProjects\data\statistics\StatisticalCategoryDataset.java,StatisticalCategoryDataset<R,81,72,0.8888889,4,0.22222222
javaProjects\data\statistics\Statistics.java,Statistics,452,201,0.44469026,18,0.024705015
javaProjects\data\time\DateRange.java,DateRange,148,104,0.7027027,9,0.078078076
javaProjects\data\time\Day.java,Day,417,230,0.55155873,33,0.0167139
javaProjects\data\time\DynamicTimeSeriesCollection.java,DynamicTimeSeriesCollection,919,471,0.5125136,72,0.007118244
javaProjects\data\time\FixedMillisecond.java,FixedMillisecond,270,150,0.5555556,29,0.01915709
javaProjects\data\time\Hour.java,Hour,429,229,0.5337995,43,0.012413942
javaProjects\data\time\Millisecond.java,Millisecond,383,198,0.5169713,36,0.014360313
javaProjects\data\time\Minute.java,Minute,429,223,0.51981354,41,0.012678379
javaProjects\data\time\Month.java,Month,487,241,0.49486652,58,0.008532181
javaProjects\data\time\MovingAverage.java,MovingAverage,305,128,0.41967213,-6,-0.06994536
javaProjects\data\time\ohlc\OHLC.java,OHLC,150,91,0.6066667,13,0.046666667
javaProjects\data\time\ohlc\OHLCItem.java,OHLCItem,136,85,0.625,11,0.056818184
javaProjects\data\time\ohlc\OHLCSeries.java,OHLCSeries<S,135,96,0.7111111,4,0.17777778
javaProjects\data\time\ohlc\OHLCSeriesCollection.java,OHLCSeriesCollection,469,277,0.5906183,38,0.015542587
javaProjects\data\time\Quarter.java,Quarter,426,223,0.52347416,42,0.01246367
javaProjects\data\time\RegularTimePeriod.java,RegularTimePeriod,271,178,0.65682656,26,0.02526256
javaProjects\data\time\Second.java,Second,407,205,0.5036855,40,0.012592137
javaProjects\data\time\SimpleTimePeriod.java,SimpleTimePeriod,203,112,0.55172414,23,0.023988007
javaProjects\data\time\TimePeriod.java,TimePeriod,58,52,0.8965517,2,0.44827586
javaProjects\data\time\TimePeriodAnchor.java,TimePeriodAnchor,49,43,0.877551,0,Infinity
javaProjects\data\time\TimePeriodFormatException.java,TimePeriodFormatException,50,44,0.88,1,0.88
javaProjects\data\time\TimePeriodValue.java,TimePeriodValue,170,104,0.6117647,13,0.047058824
javaProjects\data\time\TimePeriodValues.java,TimePeriodValues<S,527,252,0.47817838,52,0.0091957385
javaProjects\data\time\TimePeriodValuesCollection.java,TimePeriodValuesCollection,416,205,0.49278846,43,0.011460197
javaProjects\data\time\TimeSeries.java,TimeSeries<S,1278,608,0.47574335,125,0.0038059468
javaProjects\data\time\TimeSeriesCollection.java,TimeSeriesCollection<S,691,341,0.4934877,53,0.009311088
javaProjects\data\time\TimeSeriesDataItem.java,TimeSeriesDataItem,192,126,0.65625,13,0.050480768
javaProjects\data\time\TimeSeriesTableModel.java,TimeSeriesTableModel,243,114,0.4691358,38,0.012345679
javaProjects\data\time\TimeTableXYDataset.java,TimeTableXYDataset,568,332,0.58450705,59,0.009906899
javaProjects\data\time\Week.java,Week,567,266,0.4691358,62,0.0075667063
javaProjects\data\time\Year.java,Year,356,210,0.5898876,29,0.020340953
javaProjects\data\UnknownKeyException.java,UnknownKeyException,54,48,0.8888889,1,0.8888889
javaProjects\data\Value.java,Value,53,49,0.9245283,1,0.9245283
javaProjects\data\Values.java,Values,60,55,0.9166667,2,0.45833334
javaProjects\data\Values2D.java,Values2D,70,64,0.9142857,3,0.30476192
javaProjects\data\xml\CategoryDatasetHandler.java,CategoryDatasetHandler,122,74,0.60655737,1,0.60655737
javaProjects\data\xml\CategorySeriesHandler.java,CategorySeriesHandler,137,79,0.57664233,1,0.57664233
javaProjects\data\xml\DatasetReader.java,DatasetReader,178,94,0.5280899,6,0.08801498
javaProjects\data\xml\DatasetTags.java,DatasetTags,58,49,0.8448276,0,Infinity
javaProjects\data\xml\ItemHandler.java,ItemHandler,152,90,0.59210527,3,0.19736843
javaProjects\data\xml\KeyHandler.java,KeyHandler,144,89,0.6180556,3,0.20601852
javaProjects\data\xml\PieDatasetHandler.java,PieDatasetHandler,122,77,0.63114756,1,0.63114756
javaProjects\data\xml\RootHandler.java,RootHandler,115,76,0.66086954,6,0.11014492
javaProjects\data\xml\ValueHandler.java,ValueHandler,149,88,0.590604,3,0.196868
javaProjects\data\xy\AbstractIntervalXYDataset.java,AbstractIntervalXYDataset<S,117,76,0.6495727,8,0.081196584
javaProjects\data\xy\AbstractXYDataset.java,AbstractXYDataset<S,91,63,0.6923077,5,0.13846155
javaProjects\data\xy\AbstractXYZDataset.java,AbstractXYZDataset<S,61,48,0.78688526,2,0.39344263
javaProjects\data\xy\CategoryTableXYDataset.java,CategoryTableXYDataset,387,242,0.625323,34,0.018391853
javaProjects\data\xy\DefaultHighLowDataset.java,DefaultHighLowDataset,412,257,0.6237864,31,0.020122143
javaProjects\data\xy\DefaultIntervalXYDataset.java,DefaultIntervalXYDataset<S,537,340,0.6331471,33,0.019186277
javaProjects\data\xy\DefaultOHLCDataset.java,DefaultOHLCDataset,330,202,0.6121212,29,0.021107629
javaProjects\data\xy\DefaultTableXYDataset.java,DefaultTableXYDataset<S,593,290,0.4890388,58,0.008431704
javaProjects\data\xy\DefaultWindDataset.java,DefaultWindDataset,406,220,0.5418719,40,0.013546797
javaProjects\data\xy\DefaultXYDataset.java,DefaultXYDataset<S,360,212,0.5888889,28,0.021031747
javaProjects\data\xy\DefaultXYZDataset.java,DefaultXYZDataset<S,413,255,0.6174334,28,0.022051195
javaProjects\data\xy\IntervalXYDataset.java,IntervalXYDataset<S,138,127,0.9202899,8,0.115036234
javaProjects\data\xy\IntervalXYDelegate.java,IntervalXYDelegate,466,274,0.58798283,41,0.014341045
javaProjects\data\xy\IntervalXYZDataset.java,IntervalXYZDataset<S,98,88,0.8979592,6,0.14965986
javaProjects\data\xy\MatrixSeries.java,MatrixSeries<K,203,126,0.62068963,16,0.038793102
javaProjects\data\xy\MatrixSeriesCollection.java,MatrixSeriesCollection<S,288,174,0.6041667,21,0.028769841
javaProjects\data\xy\NormalizedMatrixSeries.java,NormalizedMatrixSeries,138,102,0.73913044,6,0.123188406
javaProjects\data\xy\OHLCDataItem.java,OHLCDataItem,189,112,0.5925926,16,0.037037037
javaProjects\data\xy\OHLCDataset.java,OHLCDataset,150,137,0.91333336,10,0.09133334
javaProjects\data\xy\TableXYDataset.java,TableXYDataset<S,58,54,0.9310345,1,0.9310345
javaProjects\data\xy\Vector.java,Vector,136,88,0.64705884,11,0.05882353
javaProjects\data\xy\VectorDataItem.java,VectorDataItem,118,82,0.69491524,8,0.086864404
javaProjects\data\xy\VectorSeries.java,VectorSeries<S,165,119,0.72121215,10,0.07212122
javaProjects\data\xy\VectorSeriesCollection.java,VectorSeriesCollection<S,309,189,0.61165047,21,0.029126212
javaProjects\data\xy\VectorXYDataset.java,VectorXYDataset<S,76,70,0.92105263,3,0.30701753
javaProjects\data\xy\WindDataset.java,WindDataset<S,69,64,0.92753625,2,0.46376812
javaProjects\data\xy\XIntervalDataItem.java,XIntervalDataItem,110,73,0.6636364,11,0.06033058
javaProjects\data\xy\XIntervalSeries.java,XIntervalSeries<S,163,123,0.75460124,7,0.10780018
javaProjects\data\xy\XIntervalSeriesCollection.java,XIntervalSeriesCollection<S,344,214,0.622093,23,0.027047522
javaProjects\data\xy\XisSymbolic.java,XisSymbolic,73,67,0.91780823,3,0.30593607
javaProjects\data\xy\XYBarDataset.java,XYBarDataset<S,360,235,0.6527778,29,0.022509579
javaProjects\data\xy\XYCoordinate.java,XYCoordinate,163,92,0.5644172,18,0.03135651
javaProjects\data\xy\XYDataItem.java,XYDataItem,229,135,0.5895197,21,0.028072366
javaProjects\data\xy\XYDataset.java,XYDataset<S,109,98,0.89908254,6,0.14984709
javaProjects\data\xy\XYDatasetTableModel.java,XYDatasetTableModel,293,176,0.6006826,20,0.03003413
javaProjects\data\xy\XYDomainInfo.java,XYDomainInfo<S,59,52,0.88135594,-1,-1.0
javaProjects\data\xy\XYInterval.java,XYInterval,150,92,0.61333334,12,0.051111113
javaProjects\data\xy\XYIntervalDataItem.java,XYIntervalDataItem,141,85,0.6028369,15,0.04018913
javaProjects\data\xy\XYIntervalSeries.java,XYIntervalSeries<S,191,141,0.7382199,7,0.10545999
javaProjects\data\xy\XYIntervalSeriesCollection.java,XYIntervalSeriesCollection<S,362,226,0.6243094,26,0.0240119
javaProjects\data\xy\XYItemKey.java,XYItemKey<S,146,70,0.47945204,13,0.036880925
javaProjects\data\xy\XYRangeInfo.java,XYRangeInfo,64,57,0.890625,-1,-1.0
javaProjects\data\xy\XYSeries.java,XYSeries<K,913,468,0.51259583,105,0.004881865
javaProjects\data\xy\XYSeriesCollection.java,XYSeriesCollection<S,695,324,0.46618706,73,0.006386124
javaProjects\data\xy\XYZDataset.java,XYZDataset<S,61,56,0.91803277,2,0.45901638
javaProjects\data\xy\YInterval.java,YInterval,119,78,0.6554622,10,0.06554622
javaProjects\data\xy\YIntervalDataItem.java,YIntervalDataItem,110,73,0.6636364,11,0.06033058
javaProjects\data\xy\YIntervalSeries.java,YIntervalSeries<S,165,125,0.75757575,7,0.10822511
javaProjects\data\xy\YIntervalSeriesCollection.java,YIntervalSeriesCollection<S,334,208,0.6227545,23,0.027076283
javaProjects\data\xy\YisSymbolic.java,YisSymbolic,74,68,0.9189189,3,0.3063063
javaProjects\data\xy\YWithXInterval.java,YWithXInterval,123,82,0.6666667,10,0.06666667
